title,content,industry,source_name,source_url,published_at,collection_method,feed_profile,collected_at
US Import Price Growth Below Forecast,"US Import Price Growth Below ForecastUnited States Import Prices MoMUS import prices rose 0.2 percent from a month earlier in April 2019, following a 0.6 percent gain in March and missing market expectations of 0.7 percent. Import fuel prices were up 2.5 percent (vs 6.9 percent in March), boosted by a 6.1 percent advance in petroleum prices while natural gas cost slumped 53.7 percent, the largest decrease since the index was first published on a monthly basis in December 1994. Meanwhile, nonfuel import prices edged down 0.1 percent in April (vs -0.2 percent in March), as cost for capital goods dropped 0.4 percent, the biggest decline since March 2009, while prices for foods, feeds, and beverages increased. Year-on-year, import prices dropped 0.2 percent in April, driven by lower nonfuel prices.2019-05-14T12:35:00",Finance,,,,local_seed,mixed,2026-03-18T06:58:20+00:00
Abbott earnings at 1.17 USD,"Abbott earnings at 1.17 USDUnited States EarningsAbbott (ABT) released earnings per share at 1.17 USD, compared to market expectations of 1.02 USD.2021-07-22T12:19:55.12",Finance,,,,local_seed,mixed,2026-03-18T06:58:20+00:00
Target earnings above expectations at 2.05 USD,"Target earnings above expectations at 2.05 USDUnited States EarningsTarget (TGT) released earnings per share at 2.05 USD, compared to market expectations of 1.79 USD.2023-05-17T11:00:29.727",Finance,,,,local_seed,mixed,2026-03-18T06:58:20+00:00
Dollar Trades Around the Flatline,"Dollar Trades Around the FlatlineUnited States CurrencyThe dollar index was nearly flat at 93.9 on the first day of Q4 as investors' risk appetite returned to market amid prospects of more policy support while fresh data showed the American economy is recovering from the pandemic. US House of Representative Speaker Nancy Pelosi and Treasury Secretary Steven Mnuchin both expressed hope for a breakthrough in talks. Also, recent figures showed private companies added more jobs than expected in September, the GDP contraction for Q2 was revised lower for the second time and pending home sales also surged. The USD gained near 2% in September which was the best monthly gain since July of 2019.2020-10-01T08:54:00",Finance,,,,local_seed,mixed,2026-03-18T06:58:20+00:00
US Stock Futures Point to Slight Gains at Open,"US Stock Futures Point to Slight Gains at OpenUnited States Stock MarketUS stock futures rose slightly on Wednesday as investors await the outcome of the Senate runoff in the US battleground state of Georgia. The NBC television projected Democrat Raphael Warnock the winner of the election against Republican Senator Kelly Loeffler. On the corporate front, Amazon reportedly has bought 11 jets from Delta and WestJet airlines to boost its growing delivery network and get orders to shoppers faster. Over the past couple of years, Amazon has been leasing planes to build its fleet. Meantime, US jeweler Tiffany & Co reported record sales for the 2020 holiday period as consumers stuck at home shopped more online and shoppers in China spent more on jewelry. Traders continued to follow a regulatory saga over whether the New York Stock Exchange would delist three Chinese telecom giants for security reasons. On Tuesday, The Dow Jones rose 168 points or 0.6% to 30,392. The S&P 500 gained 26 points or 0.7% to 3,727. The Nasdaq climbed 121 points or 1% to 12,819.2021-01-06T07:06:00",Finance,,,,local_seed,mixed,2026-03-18T06:58:20+00:00
US Wages Rise More Than Expected in October,"US Wages Rise More Than Expected in OctoberUnited States Average Hourly EarningsAverage hourly earnings in the US increased 10 cents or 0.4 percent from the previous month in October 2016 after advancing an upwardly revised 0.3 percent in September. Compared with the same month of the previous year, wages rose 2.8 percent, the most since June 2009.2016-11-04T13:01:01",Finance,,,,local_seed,mixed,2026-03-18T06:58:20+00:00
Autodesk earnings at 1.04 USD,"Autodesk earnings at 1.04 USDUnited States EarningsAutodesk (ADSK) released earnings per share at 1.04 USD, compared to market expectations of 0.95 USD.2020-11-24T21:24:58.047",Finance,,,,local_seed,mixed,2026-03-18T06:58:20+00:00
Dollar Falls to Over 3-Year Low,"Dollar Falls to Over 3-Year LowUnited States CurrencyThe dollar index fell 0.5% to 89.69 in early trading on Wednesday, its lowest level since December 2014, after US Treasury Secretary Steven Mnuchin said a weak dollar is good for the United States.2018-01-24T11:22:08.057",Finance,,,,local_seed,mixed,2026-03-18T06:58:20+00:00
US Import Prices Unexpectedly Drop,"US Import Prices Unexpectedly DropUnited States Import Prices MoMPrices for US imports fell 0.1 percent from a month earlier in October 2020, the first monthly decline for the index since a 2.6 percent drop in April and compared with market expectations of a 0.2 percent rise. Import fuel prices decreased 1.9 percent (vs -5.2 percent in September) due to lower prices for both natural gas and petroleum; while cost for nonfuel imports increased 0.1 percent (vs 0.5 percent in September) led by higher prices for nonfuel industrial supplies and materials and foods, feeds, and beverages which more than offset falling prices for consumer goods and automotive vehicles. Year-on-year, import prices decreased 1.0 percent in October.2020-11-17T13:33:00",Manufacturing,,,,local_seed,mixed,2026-03-18T06:58:20+00:00
US Crude Oil Stocks Fall the Most in Near 2 Years,"US Crude Oil Stocks Fall the Most in Near 2 YearsUnited States Crude Oil Stocks ChangeStocks of crude oil in the United States declined by 12.633 million barrels in the week ended July 6th 2018, following a 1.245 million rise in the previous week. It is the biggest drop in crude inventories since the week ended September 2nd 2016, compared to forecasts of a 4.489 million decrease. Meanwhile, stocks of gasoline went down by 0.694 million barrels while markets expected a 0.75 million drop. 2018-07-11T14:34:00",Finance,,,,local_seed,mixed,2026-03-18T06:58:20+00:00
Fed Chair Powell Reiterates the Need for Further Rate Hikes,"Fed Chair Powell Reiterates the Need for Further Rate Hikes United States Interest RateFed Chair Powell said at the ECB Forum on Central Banking that more restriction is coming and that interest rates will need to rise again this year, seeing two more rate hikes, at least. At the same time, Powell added that he wouldn’t take consecutive-meeting rate hikes off the table. Also, Fed Chair noted the US economy is quite resilient and a recession, although possible, is not the most likely case. The Fed left the target for the funds rate unchanged at 5%-5.25% in June but signaled rates may go to 5.6% by year-end if the economy and inflation do not slow down more. 19 days ago",Finance,,,,local_seed,mixed,2026-03-18T06:58:20+00:00
American Electric Power earnings below expectations at 1.43 USD,"American Electric Power earnings below expectations at 1.43 USDUnited States EarningsAmerican Electric Power (AEP) released earnings per share at 1.43 USD, compared to market expectations of 1.46 USD.2021-10-28T10:59:46.86",Finance,,,,local_seed,mixed,2026-03-18T06:58:20+00:00
Fed Cuts Main Rate to 2.25%,Fed Cuts Main Rate to 2.25%United States Interest RateThe Federal Reserve cut its main lending rate by three quarters of a percentage point to 2.25 percent as officials try to prop up the faltering economy and restore faith in the U.S. financial system. 2008-03-18T11:29:45.68,Finance,,,,local_seed,mixed,2026-03-18T06:58:20+00:00
US Stocks Rebound Strongly Led by Microsoft,"US Stocks Rebound Strongly Led by MicrosoftUnited States Stock MarketUS stocks rebounded on Wednesday with the Dow Jones rising more than 200 points before parings some gains, the S&P 500 adding around 1% and the Nasdaq soaring nearly 2%. Microsoft was among the top gainers rising 4% after the company's earnings, revenues and sales forecasts topped estimates. Results from AT&T and Abbott also beat on the upside but stocks failed to rise and Boeing shares declined more than 3% after the company reported a much bigger-than-expected loss of $7.69 per share for the fourth quarter. Tesla and Intel are due to report quarterly results after markets close. Meanwhile, investors look ahead to the Fed decision later in the day for more clarity on how much and how quickly interest rates will be raised.2022-01-26T14:37:00",Finance,,,,local_seed,mixed,2026-03-18T06:58:20+00:00
US Futures Flat After Mixed Session,"US Futures Flat After Mixed SessionUnited States Stock MarketUS stock futures were little changed on Wednesday after the major averages ended mixed in the last regular session, as investors digested upbeat earnings reports from big retailers, while remaining cautious about the Federal Reserve’s plans to continue raising interest rates to bring down inflation. Futures contracts tied to the three major indexes drifted flat to slightly positive. In regular trading on Tuesday, the Dow and S&P 500 rose 0.71% and 0.19%, respectively, pushed higher by strong quarterly results from Walmart and Home Depot. Investors now await more retail earnings from Target and Lowe’s before the bell on Wednesday, as well as US retail sales data for July that could offer clues on how consumers are coping with still elevated inflationary levels. Meanwhile, the tech-heavy Nasdaq Composite fell 0.19% as growth stocks remain under pressure from rising interest rates.2022-08-17T00:50:00",Finance,,,,local_seed,mixed,2026-03-18T06:58:20+00:00
US Stocks End Higher,"US Stocks End HigherUnited States Stock MarketUS stocks closed higher on Monday, but gave back most of their gains as an early rally in energy stocks faded after President Trump said he will be announcing his decision on whether to withdraw from the Iran nuclear deal on Tuesday. The Dow Jones rose 95 points, or 0.4%, to 24,357; the S&P 500 gained 9 points, or 0.4%, to 2,673; and the Nasdaq advanced 56 points, or 0.8%, to 7,265. 2018-05-07T20:20:32",Finance,,,,local_seed,mixed,2026-03-18T06:58:20+00:00
US Crude Oil Stocks Rise the Most in 3 Weeks,"US Crude Oil Stocks Rise the Most in 3 WeeksUnited States Crude Oil Stocks ChangeCrude oil stocks in the United States rose by 6.63 million barrels in the week ended April 8th, 2016, much higher than market expectations of a 2.6 million increase. It is the biggest gain in three weeks. In the previous week, stocks fell by 4.9 million barrels. Gasoline stocks declined by 4.2 million barrels, compared to market expectations of a 1.5 million drop.2016-04-13T16:19:36",Finance,,,,local_seed,mixed,2026-03-18T06:58:20+00:00
US Stocks Book 6th Weekly Gain and Hit Fresh Highs,"US Stocks Book 6th Weekly Gain and Hit Fresh HighsUnited States Stock MarketWall Street closed moderately in the green on Friday October 20th of 2017, as the US Senate approved a budget consistent with tax cuts that raised bets on President Trump’s fiscal plan. All three major indices clinched records on Friday. The Dow Jones gained 166 points or 0.7% to 23329. The S&P 500 climbed 13 points or 0.5% to 2575. The Nasdaq advanced 24 points or 0.4% to 6629. During the week, the Dow Jones jumped 2.0%; the S&P 500 0.9%; and the Nasdaq 0.4%. Major indices booked their sixth straight weekly gain. 2017-10-20T20:10:39",Finance,,,,local_seed,mixed,2026-03-18T06:58:20+00:00
US Personal Spending Rises the Least in 5 Months,"US Personal Spending Rises the Least in 5 MonthsUnited States Personal SpendingPersonal consumption expenditures in the US increased 0.2 percent month-over-month in January of 2018, following a 0.4 percent rise in December, matching market expectations. It is the lowest gain in household consumption in five months as spending on durables contracted and consumption of services eased.2018-03-01T13:34:38",Finance,,,,local_seed,mixed,2026-03-18T06:58:20+00:00
Dollar Becomes Less Attractive,"Dollar Becomes Less AttractiveUnited States CurrencyThe US dollar continued to fall on Monday after the Federal Reserve cut the target range for its federal funds rate by 100 bps to 0-0.25% during an emergency move the day before. The measure aims to protect the economy from the impact of the coronavirus and follows another emergency 50bps slash on March 3rd. However, the cuts were not able to calm investors concerns about the outbreak, prompting a rush for safe haven and making the dollar less attractive as rates are now very low. The DXY was down near 0.7% to 98.06 around 10:00 AM NY time.2020-03-16T14:07:00",Finance,,,,local_seed,mixed,2026-03-18T06:58:20+00:00
US Mortgage Applications Fall the Most in 5 Weeks: MBA,"US Mortgage Applications Fall the Most in 5 Weeks: MBAUnited States Mortgage ApplicationsMortgage applications in the United States decreased 4.6 percent in the week ending October 20th 2017, after rising 3.6 percent in the previous period, data from the Mortgage Bankers Association showed. It is the biggest decline in five weeks as refinance applications went down 3 percent and applications to purchase a home slumped 6.1 percent. The average fixed 30-year mortgage rate rose by 4bps to 4.18 percent.2017-10-25T12:03:11.57",Finance,,,,local_seed,mixed,2026-03-18T06:58:20+00:00
US Existing Home Sales Fall for 3rd Month,"US Existing Home Sales Fall for 3rd MonthUnited States Existing Home SalesSales of previously owned houses in the United States shrank 1.7 percent month-over-month to a seasonally adjusted annual rate of 5.35 million in August of 2017 from 5.44 million in July. It is a new low since August of 2016, compared to market expectations of a 0.3 percent rise. Sales of single family houses dropped 2.1 percent to 4.74 million after falling 0.8 percent in July while those of condos rose 1.7 percent to 0.61 million, following a 4.8 percent decline. The median house price fell to $253,500 from $258,100 and the months' worth of supply was steady at 4.2 percent. In addition, the number of houses available in the market fell to 1.88 million from 1.92 million in July. Sales fell in the West (-4.8 percent) and the South (-5.7 percent) after Hurricane Harvey struck Texas in the last week of August. Excluding Houston, existing home sales were unchanged. 2017-09-20T14:10:22",Finance,,,,local_seed,mixed,2026-03-18T06:58:20+00:00
US Pending Home Sales Rebound in September,"US Pending Home Sales Rebound in SeptemberUnited States Pending Home SalesContracts to buy previously owned US homes increased 2.4 percent year-on-year in September of 2016, recovering from a 0.2 percent drop in August. Compared to the previous month, sales went up 1.5 percent after a downwardly revised 2.5 percent fall. It is the biggest gain in five months, beating market expectations of a 1.2 percent rise. Sales rose in the West (4.7 percent) and the South (1.9 percent) but fell in the Midwest (-0.2 percent) and the Northeast (-1.6 percent). 2016-10-27T14:10:26",Finance,,,,local_seed,mixed,2026-03-18T06:58:20+00:00
US Stocks Fall after Dovish ECB,"US Stocks Fall after Dovish ECBUnited States Stock MarketWall Street traded lower on Thursday, amid global growth concerns after the European Central Bank slashed Eurozone growth forecasts, pushed out the timing of a change in interest rates to 2020 at the earliest and announced a new series of bank loans (TLTRO). The Dow Jones declined 0.9%, the S&P 500 fell 0.8% and the Nasdaq traded 1% lower around 9:55 AM NY time.2019-03-07T15:00:00",Finance,,,,local_seed,mixed,2026-03-18T06:58:20+00:00
DXY Bounces Off Seven-Month Low,"DXY Bounces Off Seven-Month LowUnited States CurrencyThe dollar strengthened against a basket of major currencies on Tuesday, recovering from a seven-month low of 102.9 in the prior session to around the 103.5 mark, as hawkish remarks from Fed policymakers sparked a fresh wave of buying for the greenback. San Francisco Fed president Mary Daly noted that she expects interest rates to rise beyond 5% in 2023. Her Atlanta counterpart Raphael Bostic echoed a similar view by saying that policymakers should hike above 5% by early in the second quarter and hold rates there for a long time. This dollar’s strength was seen across the board, with some of the most pronounced buying activity against the Australian dollar. The dollar has been under pressure since November as signs that inflation is cooling and speculation of a US recession tempered some expectations that the Fed will continue to hike rates aggressively. 2023-01-10T12:57:26.397",Finance,,,,local_seed,mixed,2026-03-18T06:58:20+00:00
US Stock Futures Rise,"US Stock Futures Rise United States Stock MarketStock futures contracts tied to the three major indices were up roughly 0.5% on Tuesday, putting Wall Street on track to rebound as investors continued to monitor developments in China while digesting a slew of Fed speeches. China's national health authority downplayed the risks of the Omicron variant while saying it would bolster vaccination among its senior citizens, a move regarded as essential to ending its strict zero-COVID policy following massive protests across the country. On the monetary policy side, St. Louis President James Bullard, New York Fed President John Williams, and Fed Vice Cahir Lael Brainard warned investors that the terminal rate of Fed Funds would be higher than previously expected. In regular trading on Monday, the Dow fell 1.45%, the S&P 500 dropped 1.54%, and the Nasdaq Composite tumbled 1.58%. 2022-11-29T10:45:00",Finance,,,,local_seed,mixed,2026-03-18T06:58:20+00:00
Dollar Recovers from Multi-Year Lows,"Dollar Recovers from Multi-Year LowsUnited States CurrencyThe dollar index gained strong upside momentum and broke through the 90.70 level in afternoon trading, after the Fed extended its temporary US dollar liquidity swap lines and the temporary repurchase agreement facility for foreign and international monetary authorities thought September 2021. The rebounded from a 2-1/2-year low of 90.10 was exacerbated by a rosier growth outlook for 2021. Still, the possibility of additional stimulus in the US, with both Democrats and Republicans confident that Congress would agree on around $900 billion coronavirus-aid bill limited gains. 
2020-12-16T19:36:00",Finance,,,,local_seed,mixed,2026-03-18T06:58:20+00:00
US Stocks Rise on Monday,"US Stocks Rise on MondayUnited States Stock MarketWall Street opened in the green on Monday amid upbeat earnings for T Mobile and merger news: AT&T plans to buy Time Warner and TD Ameritrade announced it's buying Scottrade. The Dow Jones gained 123 points or 0.7%, the S&P 500 went up 12 points or 0.6% and the Nasdaq rose 37 points or 0.7% around 5 minutes after the opening bell2016-10-24T13:49:52.043",Finance,,,,local_seed,mixed,2026-03-18T06:58:20+00:00
ETSY Inc earnings above expectations at 0.51 USD,"ETSY Inc earnings above expectations at 0.51 USDUnited States EarningsETSY Inc (ETSY) released earnings per share at 0.51 USD, compared to market expectations of 0.32 USD.2022-07-27T20:36:26.813",Finance,,,,local_seed,mixed,2026-03-18T06:58:20+00:00
US Stocks Trades at Near-Record Highs,"US Stocks Trades at Near-Record HighsUnited States Stock MarketUS stock futures were in the green, trading at a near-record high on Thursday, after the US Federal Reserve reaffirmed its commitment to supporting the economy with low-interest rates and bond-buying for the foreseeable future. Meantime, US data continued to surprise on the upside with consumer credit growth hitting its highest since 2017, payrolls rising the most in 7 months,  and job openings touching a 2-year high. Sentiment was further boosted as vaccine distribution ramps up across the US as President Joe Biden bumped up his deadline for states to make doses available to all adults by April 19th. On Wednesday, the Dow Jones added 16 points or 0.1% to 33,447. The S&P 500 gained 6 points or 0.2% to a record 4,080. The Nasdaq, however, fell 10 points or 0.1% to 13,689.2021-04-08T06:42:00",Finance,,,,local_seed,mixed,2026-03-18T06:58:20+00:00
US Stocks Close Mixed on Monday,"US Stocks Close Mixed on MondayUnited States Stock MarketWall Street closed mixed on 8 January 2018, as the S&P 500 and Nasdaq booked new records amid a rise in technology shares triggered by expected higher earnings and a positive net effect from corporate tax cuts. The Dow Jones lost 13 points or 0.1% to 25283. The S&P 500 gained 5 points or 0.2% to 2748. The Nasdaq climbed 21 points or 0.3% to 7157. 2018-01-08T21:09:41",Finance,,,,local_seed,mixed,2026-03-18T06:58:20+00:00
"US Stocks Rise Slightly Ahead of Fed, BoJ","US Stocks Rise Slightly Ahead of Fed, BoJUnited States Stock MarketWall Street closed slightly higher on Tuesday as investors await Fed and Bank of Japan monetary policy decisions due tomorrow and despite disappointing data for housing starts and building permits.  The Dow Jones went up 10 points or less than 0.1%, the S&P 500 gained less than 1 point and the Nasdaq added 6 points or 0.1%.2016-09-20T20:21:31.457",Finance,,,,local_seed,mixed,2026-03-18T06:58:20+00:00
US Stock Fall for 3rd Session,"US Stock Fall for 3rd SessionUnited States Stock MarketDow Jones and S&P 500 were slightly down for a 3rd consecutive session on Friday as it is unclear whether around $900 billion stimulus plan would be passed before Christmas. Democrats and Republicans are struggling to find a common ground on shielding companies from virus-related lawsuits, state and local stimulus, unemployment assistance and checks. Meanwhile, the data showed initial claims rose to 2-1/2-month high of 853K, highlighting the need of new stimulus. Without it, millions of Americans could be left out with no unemployment benefits next month. Making things worse, the Senate has yet to pass a one-week government funding extension to keep the federal government running through next Friday. On the pandemic front, an advisory panel of the FDA recommended authorization of the Pfizer/BioNTech Covid-19 vaccine, and a formal announcement is expected in the coming days. Distribution and vaccination could start right after. 
2020-12-11T14:33:00",Finance,,,,local_seed,mixed,2026-03-18T06:58:20+00:00
US Job Openings Beat Expectations In January,"US Job Openings Beat Expectations In JanuaryUnited States Job OffersThe number of job openings in the United States rose to 5.626 million in January of 2017, following an upwardly revised 5.539 million in the previous month and beating market expectations of 5.45 million. The number of job openings was little changed for total private (5.173 million) and for government (0.452 million). Job openings increased in professional and business services (136,000) and real estate and rental and leasing (67,000) but decreased in federal government (-37,000). The number of job openings was little changed in all four regions.2017-03-16T14:07:51.557",Finance,,,,local_seed,mixed,2026-03-18T06:58:20+00:00
J.M. Smucker earnings above expectations at 2.23 USD,"J.M. Smucker earnings above expectations at 2.23 USDUnited States EarningsJ.M. Smucker (SJM) released earnings per share at 2.23 USD, compared to market expectations of 1.88 USD.2022-06-07T11:14:48.553",Finance,,,,local_seed,mixed,2026-03-18T06:58:20+00:00
US Average Hourly Earnings Rise More than Expected,"US Average Hourly Earnings Rise More than ExpectedUnited States Average Hourly EarningsAverage hourly earnings for all employees on private nonfarm payrolls rose by 9 cents, or 0.3 percent over the month to USD 29.58 in November of 2020, after increasing 0.1% in October and above market expectations of a 0.1 percent gain. Year-on-year, average hourly earnings have increased by 4.4 percent, the same pace as in the prior month and slightly above market consensus of 4.3 percent. Average hourly earnings of private-sector production and nonsupervisory employees increased by 7 cents to USD 24.87. 



2020-12-04T13:31:00",Finance,,,,local_seed,mixed,2026-03-18T06:58:20+00:00
Centene earnings at 0.46 USD,"Centene earnings at 0.46 USDUnited States EarningsCentene (CNC) released earnings per share at 0.46 USD, compared to market expectations of 0.47 USD.2021-02-09T11:19:23.557",Finance,,,,local_seed,mixed,2026-03-18T06:58:20+00:00
US 10-Year Treasury Yield Below 0.4% for 1st Time,"US 10-Year Treasury Yield Below 0.4% for 1st TimeUnited States Government Bond 10YThe yield on 10-year US Treasury fell to a fresh record low of 0.318% on Monday, as an all-out price war and worries regarding the fast-spreading coronavirus outbreak sent investors rushing to safe-haven assets. The entire US Treasury yield curve fell below 1% for the first time ever, as the yield on the 30-year bond also hit an all-time low of 0.70%, and that on the two-year note, which typically moves in step with interest rate expectations, dropped to 0.285%, its lowest level since 2014.2020-03-09T09:46:00",Finance,,,,local_seed,mixed,2026-03-18T06:58:20+00:00
US 10-Year Treasury Yield Bounces Sharply,"US 10-Year Treasury Yield Bounces SharplyUnited States Government Bond 10YThe yield on the US 10-year Treasury note moved towards 3.8%, bouncing sharply from an over one-month low of 3.7% hit in the prior session as uncertainty regarding the Fed's rate path spooked bond investors. St. Louis Fed President James Bullard and San Francisco Fed President Mary Daly were among the latest policymakers to throw some cold water in expectations of a sooner-than-expected pause in the central bank tightening cycle. Mixed signs from the US economy, with retail sales data signaling incredible resilience from US consumers despite macro headwinds, added to uncertainty about the Fed's next move.2022-11-17T13:24:00",Finance,,,,local_seed,mixed,2026-03-18T06:58:20+00:00
US Personal Spending Disappoints in May,"US Personal Spending Disappoints in MayUnited States Personal SpendingPersonal consumption expenditure rose 0.2 percent in May of 2014, after being flat in April and below market expectations. In contrast, personal income gained 0.4 percent.2014-06-26T13:47:39.01",Finance,,,,local_seed,mixed,2026-03-18T06:58:20+00:00
United States Stock Market decreased 1.00%,"United States Stock Market decreased 1.00%United States Stock MarketThe Dow Jones Index decreased 258 points. Losses were driven by Walt Disney (-2.08%), Home Depot (-1.58%) and McDonalds (-1.36%). Biggest rises came from Intel (4.78%), Cisco Systems (2.47%) and Apple (1.78%).2018-02-27T21:00:04.057",Finance,,,,local_seed,mixed,2026-03-18T06:58:20+00:00
Essex Property earnings at 3.48 USD,Essex Property earnings at 3.48 USDUnited States EarningsEssex Property (ESS) released earnings per share at 3.48 USD.2020-05-06T21:01:52.337,Finance,,,,local_seed,mixed,2026-03-18T06:58:20+00:00
Walgreens Boots Alliance earnings at 1.02 USD,"Walgreens Boots Alliance earnings at 1.02 USDUnited States EarningsWalgreens Boots Alliance (WBA) released earnings per share at 1.02 USD, compared to market expectations of 0.96 USD.2020-10-15T11:39:42.12",Finance,,,,local_seed,mixed,2026-03-18T06:58:20+00:00
U.S. Stocks Drop on Economic Concern,U.S. Stocks Drop on Economic ConcernUnited States Stock MarketU.S. stocks fell the most in a week after government reports on durable goods and employment heightened concern growth is slowing and an analyst predicted Citigroup Inc. will cut its dividend by 40 percent. 2007-12-27T10:14:43.743,Finance,,,,local_seed,mixed,2026-03-18T06:58:20+00:00
US Treasury Yields Fall ahead of Jobless Claims Data,"US Treasury Yields Fall ahead of Jobless Claims DataUnited States Government Bond 10YThe yield on the US 10-Treasury note declined to 0.798% on Thursday as investors' risk apetite continues to decline ahead of the jobless claims release later in the day which is expected to show a record rise in unemployment due to layoffs and business closures as many states set lockdown. Meanwhile, the yield on the US 30-year Treasury bond also fell to 1.367%.2020-03-26T09:59:00",Finance,,,,local_seed,mixed,2026-03-18T06:58:20+00:00
"Despite Recent Growth, US Recovery is Still Weak","Despite Recent Growth, US Recovery is Still WeakUnited States GDP Growth RateIn the fourth quarter of 2009, the United States economy expanded at an annualized rate of 5.9% giving the impression that the recovery in world’s largest economy has been stronger than expected. Yet, growth was mainly due to inventory rebuilding and the recent economic expansion maybe short lived. 2010-02-26T15:16:38.837",Finance,,,,local_seed,mixed,2026-03-18T06:58:20+00:00
US Economy Adds 223K Jobs In April,"US Economy Adds 223K Jobs In AprilUnited States Non Farm PayrollsTotal nonfarm payroll employment increased by 223,000 in April, bouncing back after an unexpectedly weak report in March and matching market expectations. The unemployment rate dropped to 5.4 percent, the lowest since May 2008.2015-05-08T13:46:48.65",Finance,,,,local_seed,mixed,2026-03-18T06:58:20+00:00
US Stocks Plunge on Tuesday,"US Stocks Plunge on TuesdayUnited States Stock MarketWall Street closed deep in the red on Tuesday 27 February 2018, after new Fed Chairman Jerome Powell address Congress and signaled higher interest rate ahead to contain rising inflation. The Dow Jones retreated 300 points or 1.2% to 25410. The S&P 500 lost 35 points or 1.3% to 2744. The Nasdaq declined 91 points or 1.2% to 7330. 2018-02-27T21:05:25",Finance,,,,local_seed,mixed,2026-03-18T06:58:20+00:00
Western Digital earnings above expectations at 1.65 USD,"Western Digital earnings above expectations at 1.65 USDUnited States EarningsWestern Digital (WDC) released earnings per share at 1.65 USD, compared to market expectations of 1.49 USD.2022-04-28T20:39:05.633",Finance,,,,local_seed,mixed,2026-03-18T06:58:20+00:00
EOG Resources earnings below expectations at 3.09 USD,"EOG Resources earnings below expectations at 3.09 USDUnited States EarningsEOG Resources (EOG) released earnings per share at 3.09 USD, compared to market expectations of 3.21 USD.2022-02-24T21:25:56.007",Finance,,,,local_seed,mixed,2026-03-18T06:58:20+00:00
Chicago Fed National Activity Index At 2-1/2-Year High,"Chicago Fed National Activity Index At 2-1/2-Year HighUnited States Chicago Fed National Activity IndexThe Chicago Fed National Activity Index in the United States jumped to 0.49 in April of 2017 from a downwardly revised 0.07 in March, beating market expectations of 0.25. It is the highest reading since November of 2014. The contribution from production-related indicators increased to 0.46 from 0.01 in March and employment went up to 0.1 from 0.05. In contrast, sales, orders, and inventories made a neutral contribution (from 0.07 in March) and personal consumption and housing fell further (-0.08 from -0.06).2017-05-22T12:39:29",Finance,,,,local_seed,mixed,2026-03-18T06:58:20+00:00
Chicago Fed Activity Index Remains Stable,"Chicago Fed Activity Index Remains StableUnited States Chicago Fed National Activity IndexThe Chicago Fed National Activity Index held steady at +0.10 in September 2022, unchanged from the previous month's revised figure and pointing to a modest growth in overall economic activity. Production-related indicators contributed +0.07 to the CFNAI in September (vs -0.02 in August) due to a rebound in industrial activity, and employment-related indicators contributed +0.06 (vs -0.05 in August) as the unemployment rate declined to 3.5 percent, a 40-year low. On the other hand, the contribution of the sales, orders, and inventories category to the CFNAI decreased to -0.01 in September (vs +0.15 in August), while that of the personal consumption and housing category to the CFNAI edged down to -0.01 (vs +0.02 in August).2022-10-24T12:36:00",Manufacturing,,,,local_seed,mixed,2026-03-18T06:58:20+00:00
US Futures Rise Ahead of First Trading Day of 2022,"US Futures Rise Ahead of First Trading Day of 2022United States Stock MarketUS stock futures rose on Monday as investors turned optimistic ahead of the first trading day of 2022, while uncertainties around the Covid-19 pandemic lingered. Dow Jones futures gained 0.5%, while S&P 500 and Nasdaq 100 futures jumped 0.7% each. The moves in futures comes after markets closed out a strong 2021 last week, led by the S&P 500 which gained 27% for the year, followed by the Nasdaq’s 21% rally and the Dow’s 19% return. Meanwhile, surging Covid infections prompted thousands of flight cancellations during the holiday season and led some businesses and schools to consider temporary closures. The pace of monetary policy tightening also remains a top concern for inventors in 2022, as the Federal Reserve is expected to hike interest rates multiple times this year to combat inflation. Elsewhere, investors await US manufacturing and construction data due on Monday.2022-01-03T06:53:00",Finance,,,,local_seed,mixed,2026-03-18T06:58:20+00:00
10-Year Treasury Yield Consolidates Above 2.7%,"10-Year Treasury Yield Consolidates Above 2.7%United States Government Bond 10YThe 10-year US Treasury note yield consolidated above 2.7%, bouncing off a four-month low of around 2.5% as investors reassessed the outlook of tightening monetary policy as the Federal Reserve seeks to rein in runaway prices even at the risk of a recession. Several Fed policymakers, including the Chicago Fed president Charles Evans, which tends to be very dovish, indicated a strong commitment to bringing down inflation, pointing to a 50 bps hike in September but opening the door for a 75 bps increase if necessary. On top of that, better-than-expected economic data, including a rebound in the ISM non-manufacturing purchasing managers index, eased concerns about an imminent recession and cemented the view that a pivot in policy is unlikely to come soon. 2022-08-03T07:30:00",Finance,,,,local_seed,mixed,2026-03-18T06:58:20+00:00
US Stocks Fall,"US Stocks FallUnited States Stock MarketThe Dow Jones Industrial Average was down 1.12% or 188.33 points, the S&P 500 dropped 1.2% or 23.81 points and the Nasdaq declined 1.69% or 83.31 points by 10:20 AM NY time on Thursday, joining global selloff after share trading in China was halted following a 7% decline.2016-01-07T15:24:08",Finance,,,,local_seed,mixed,2026-03-18T06:58:20+00:00
Dollar Languishes on Less Hawkish Fed View,"Dollar Languishes on Less Hawkish Fed ViewUnited States CurrencyThe dollar index traded near 106 on Tuesday, hovering at its lowest levels in four weeks, as an increasing risk of US recession bolstered the case for a less aggressive monetary tightening from the Federal Reserve in the coming months. The latest US GDP and manufacturing activity data signaled a weakening economy, while the monthly jobs report due on Friday is expected to show that the improvement in the labor market is moderating. Last week, the US central bank raised its policy rate by 75 basis points in a widely expected move, with Fed Chair Jerome Powell saying that it will likely become appropriate to slow the pace of rate increases depending on the flow of data. 2022-08-02T05:34:00",Finance,,,,local_seed,mixed,2026-03-18T06:58:20+00:00
US Services Growth Slows for 2nd Month: ISM,"US Services Growth Slows for 2nd Month: ISMUnited States Non Manufacturing PMIThe ISM Non-Manufacturing PMI index for the United States fell to 55.9 in December of 2017 from 57.4 in November and below market expectations of 57.6. The reading pointed to the smallest expansion in the non-manufacturing sector in four months. Production, new orders and inventories eased and price pressures intensified. However, businesses reported optimism for business conditions and the economic outlook going forward.2018-01-05T15:10:05",Manufacturing,,,,local_seed,mixed,2026-03-18T06:58:20+00:00
US Industrial Production Better Than Expected,"US Industrial Production Better Than ExpectedUnited States Industrial Production MomUS industrial output rose 1 percent in September of 2014, following a revised 0.2 percent drop in August. It is the highest gain in nearly two years, driven by a surge in mining and utilities output. 2014-10-16T14:30:41.897",Manufacturing,,,,local_seed,mixed,2026-03-18T06:58:20+00:00
Dollar Firms Up as Fed Decision Looms,"Dollar Firms Up as Fed Decision LoomsUnited States CurrencyThe dollar index rose toward 102 on Monday, rising for the third straight session as investors gear up for the Federal Reserve’s interest rate decision this week. The Fed is widely expected to deliver another 25 basis point rate hike on Wednesday, though analysts remain split on whether the central bank would keep borrowing costs elevated for the remainder of the year or start cutting rates in the second half. Data on Friday showed that US consumer sentiment improved in April, while core PCE inflation exceeded forecasts in March. Investors now look ahead to the monthly jobs report and ISM manufacturing and services PMI data this week to guide the economic and monetary policy outlook in the US. Other major central banks including the European Central Bank and Reserve Bank of Australia will also decide on monetary policy this week.2023-05-01T02:37:00",Finance,,,,local_seed,mixed,2026-03-18T06:58:20+00:00
US Chicago Fed National Activity Index Picks Up,"US Chicago Fed National Activity Index Picks UpUnited States Chicago Fed National Activity IndexThe Chicago Fed National Activity Index increased to 0.53 in July of 2021 from a downwardly revised -0.01 in June, pointing to a pickup in overall business activity. Production-related indicators contributed +0.38, up from -0.09 in June. The contribution of the sales, orders, and inventories category increased to +0.02 from -0.06; the contribution of the employment, unemployment, and hours category rose to +0.30 from +0.14; while the personal consumption and housing category contributed -0.15,down from +0.01 in June. The index’s three-month moving average, CFNAI-MA3, moved up to +0.23 in July from +0.01 in June.2021-08-23T12:37:00",Manufacturing,,,,local_seed,mixed,2026-03-18T06:58:20+00:00
ISM Non-Manufacturing PMI Revised Up,ISM Non-Manufacturing PMI Revised UpUnited States Non Manufacturing PmiThe Institute for Supply Management non-manufacturing PMI index was revised to 56.5 percent in December from 56.2 percent previously reported. Revisions have to do with adjustments to seasonal factors that are made on an annual basis.2015-01-29T17:46:52.85,Manufacturing,,,,local_seed,mixed,2026-03-18T06:58:20+00:00
US Employment Growth Below Expectations in August,"US Employment Growth Below Expectations in AugustUnited States Non Farm PayrollsTotal nonfarm payroll employment in the United States increased by 151,000 in August of 2016, lower than a upwardly revised 275,000 in July but below market expectations of 180,000. Employment continued to trend up in several service-providing industries while it declined in manufacturing, mining and construction.2016-09-02T13:34:21",Finance,,,,local_seed,mixed,2026-03-18T06:58:20+00:00
Dow Jones Futures Hit Record High,"Dow Jones Futures Hit Record HighUnited States Stock MarketThree main US stock market indexes futures were trading in the green on Monday with Dow Jones up more than 200 points to a record high amid high Treasury yields and as investors continue to expect strong economic recovery. The jobs report released Friday showed the US economy added the most jobs in 7 months and the unemployment rate fell to 6%. Meanwhile, traders will follow negotiations between Democrats and Republicans on President Biden's $2.25 trillion infrastructure plan as it will likely face strong GOP opposition over a corporate tax hike. On the data front, the ISM non-manufacturing PMI will be in the spotlight. Markets were closed on Friday for the Good Friday holiday.2021-04-05T08:01:00",Finance,,,,local_seed,mixed,2026-03-18T06:58:20+00:00
US Export Prices Fall the Most in 7 Months,"US Export Prices Fall the Most in 7 MonthsUnited States Export Prices MoMExport prices in the United States declined 0.8 percent in August from July of 2016, the first fall in five months and following a 0.2 percent rise in the previous period. It was the biggest drop since January as agricultural cost went down 3.4 percent due led by a decrease in prices of soybean (-9.5 percent), fruit, vegetables, corn, and meat. Prices for nonagricultural exports also decreased (-0.4 percent), due to industrial supplies and materials, automotive vehicles, capital goods, and consumer goods. Year-on-year, export prices declined 2.4 percent. 2016-09-14T12:39:48",Manufacturing,,,,local_seed,mixed,2026-03-18T06:58:20+00:00
US Import Prices Rise the Most in 9 Months,"US Import Prices Rise the Most in 9 MonthsUnited States Import Prices MoMImport prices in the US increased 0.3 percent from a month earlier in December 2019, following a 0.1 percent gain in November and matching market expectations. It was the largest monthly advance since March as prices for import fuel increased 2.8 percent (vs 1.3 percent in November) boosted by both petroleum and natural gas. Meanwhile, nonfuel import prices were unchanged (vs -0.1 percent in November) as declining nonfuel industrial supplies and materials prices offset higher prices for foods, feeds, and beverages and for finished goods. Prices for imports rose 0.5 percent in 2019, after decreasing 0.9 percent in 2018.2020-01-16T13:36:00",Finance,,,,local_seed,mixed,2026-03-18T06:58:20+00:00
US Stock Futures Cut Some Losses,"US Stock Futures Cut Some LossesUnited States Stock MarketUS stock futures erased early losses to point to a mixed start on Friday after the US jobs report showed the economy added more jobs than expected in July, mainly boosted by a jump in government payrolls. Private sector employment and manufacturing payrolls missed expectations. Meanwhile, tensions with China escalated after President Donald Trump signed executive orders banning US transactions with Chinese apps Tencent's WeChat and ByteDance's Tiktok, citing national security concerns. At the same time, investors await a coronavirus relief package to be delivered in the US today. On Thursday, the Dow Jones climbed to an 8-week high of 186 points or 0.7% to 27,387. The S&P 500 gained 21 points or 0.6% to 3349. The Nasdaq added 110 points or 1% to a fresh high of 11,108.2020-08-07T12:38:00",Finance,,,,local_seed,mixed,2026-03-18T06:58:20+00:00
Treasury Yields Retreat,"Treasury Yields Retreat United States Government Bond 10YThe yield on the benchmark 10-year Treasury note remained below 1.3% on Wednesday, moving further away from a two-month peak of 1.38% hit last week, as inflation rate slowed but remained elevated, raising doubts whether inflationary pressure is transitory as supply chain issues and raw material shortages persist. Traders now await the FOMC decision next week for further clarity on when the Fed will start cutting stimulus. 2021-09-15T07:39:22.897",Finance,,,,local_seed,mixed,2026-03-18T06:58:20+00:00
US Imports Rebound from 11-Month Low,"US Imports Rebound from 11-Month LowUnited States ImportsImports to the United States increased by USD 4.2 billion to USD 317.6 billion in December 2022, up from the previous month's 11-month low of USD 313.4 billion, suggesting a rebound in domestic demand following a slowdown in inflation. Purchases of goods were up USD 4.5 billion, boosted by consumer goods (up USD 4.1 billion), in particular cell phones and other household goods, as well as automotive vehicles, parts, and engines (up USD 2.9 billion). Meanwhile, imports of industrial supplies and materials declined USD 2.7 billion, led by fuel oil and organic chemicals. Finally, imports of services decreased USD 0.3 billion, due to travel and transport. Considering 2022 full year, imports increased USD 556.1 billion from 2021 to USD 3.96 trillion.2023-02-07T13:45:00",Manufacturing,,,,local_seed,mixed,2026-03-18T06:58:20+00:00
US Wages Growth Tops Estimates,"US Wages Growth Tops EstimatesUnited States Average Hourly EarningsAverage hourly earnings for all employees on US private nonfarm payrolls rose by 17 cents, or 0.6% to $30.73 in August of 2021, following increases in the prior 4 months and above market estimates of 0.3%. In August, average hourly earnings of private-sector production and nonsupervisory employees rose by 14 cents to  $25.99. The data for recent months suggest that the rising demand for labor associated with the recovery from the pandemic may have put upward pressure on wages. However, because average hourly earnings vary widely across industries, the large employment fluctuations since February 2020 complicate the analysis of recent trends in average hourly earnings. Year-on-year, average hourly earnings have increased by 4.3%, above market expectations of 4%.2021-09-03T12:31:00",Finance,,,,local_seed,mixed,2026-03-18T06:58:20+00:00
Tenth District Manufacturing Activity Bounces Back in March,"Tenth District Manufacturing Activity Bounces Back in MarchUnited States Kansas Fed Manufacturing IndexThe Kansas City Fed’s Manufacturing Production index increased to 3 in March of 2023 from -9 in the previous month. It was the highest reading since last July. Food manufacturing plants reported an increase in activity, while nondurable goods plants saw decreased activity in March, especially printing, plastics, and chemical manufacturing. Indexes for production, the volume of shipments and finished goods inventories increased slightly, while declined for new orders, supplier delivery time, and materials inventories. Monthly price indexes were mixed with an increase in materials prices but a slight decrease in finished goods prices.2023-03-23T15:13:00",Manufacturing,,,,local_seed,mixed,2026-03-18T06:58:20+00:00
US Imports Rebound in September,"US Imports Rebound in SeptemberUnited States ImportsImports to the US jumped 1.2 percent month-over-month to USD 240.3 billion in September of 2017, recovering from an upwardly revised 0.2 percent drop in August. Imports of goods increased USD 2.4 billion to USD 196.0 billion: capital goods surged USD 1.5 billion; semiconductors increased USD 0.5 billion; civilian aircraft rose USD 0.3 billion; industrial supplies and materials went up USD 1.1 billion and other petroleum products increased USD 0.7 billion. In contrast, purchases of automotive vehicles, parts, and engines decreased USD0.6 billion and those of passenger cars fell USD 0.5 billion. Imports of services increased USD 0.4 billion to USD 44.3 billion in September: transport went up USD 0.3 billion.2017-11-03T12:52:26",Manufacturing,,,,local_seed,mixed,2026-03-18T06:58:20+00:00
US Industrial Production Edges Up 0.1% in September,"US Industrial Production Edges Up 0.1% in SeptemberUnited States Industrial Production MomIndustrial output in the United States increased 0.1 percent month-over-month in September of 2016, following an upwardly revised 0.5 percent fall in August and below market expectations of a 0.2 percent gain. Manufacturing and mining rebounded while utilities fell. For the third quarter as a whole, industrial production rose at an annual rate of 1.8 percent for its first quarterly increase since the third quarter of 2015.2016-10-17T13:19:32",Manufacturing,,,,local_seed,mixed,2026-03-18T06:58:20+00:00
US Import Prices Unexpectedly Fall,"US Import Prices Unexpectedly FallUnited States Import Prices MoMThe price index for US imports dropped 0.2 percent from a month earlier in December 2021, following a 0.7 percent increase in November and missing market expectations of a 0.3 percent rise. It was the first monthly decrease since August as import fuel prices decreased 6.5 percent, the most since April 2020, due to a 6.0 percent fall in petroleum cost and a 13.7 percent decline in natural gas prices. Meanwhile, nonfuel import prices rose 0.5 percent for the third consecutive month in December, boosted by prices for nonfuel industrial supplies and materials; consumer goods; foods, feeds, and beverages; automotive vehicles; and capital goods. On a yearly basis, US import prices increased 10.4 percent in December.2022-01-14T13:32:00",Manufacturing,,,,local_seed,mixed,2026-03-18T06:58:20+00:00
Google to move Pixel manufacturing to India as tariffs shift supply chains,Google had already moved its production facilities from China to Vietnam during Trump's first term.,Manufacturing,Yahoo,https://finnhub.io/api/news?id=f0323334c4aa213fbf32e7031808705610745627f600afb27de310bf40df7807,1745406759,local_seed,mixed,2026-03-18T06:58:20+00:00
Dallas Fed Manufacturing Index Highest Since 2006,"Dallas Fed Manufacturing Index Highest Since 2006United States Dallas Fed Manufacturing Index The Federal Reserve Bank of Dallas' general business activity index for manufacturing in Texas rose to 27.6 in October of 2017 from 21.3 in September and way above market expectations of 21. It is the highest reading since March of 2006 amid rises in production (25.6 from 19.5), new orders (24.8 from 18.6), capacity utilization (22.5 from 15.8), materials inventories (10.6 from 3.9), finished goods inventories (9.9 from -4.5) and employment (16.7 from 16.3). In addition, price pressures eased for both prices paid (32.3 from 34.5) and received (15.3 from 17.5). On the other hand, a slowdown was seen for shipments (20.9 from 27.4), wages and benefits (22.5 from 26.4) and hours worked (13.7 from 18.4). Expectations regarding future business conditions remained highly optimistic. The index of future general business activity moved up four points to 38.5, while the index of future company outlook remained unchanged at 39.0. 2017-10-30T14:41:04.827",Finance,,,,local_seed,mixed,2026-03-18T06:58:20+00:00
Wall Street Trades Slightly Lower,"Wall Street Trades Slightly LowerUnited States Stock MarketAll three main US stock indexes pared early gains to dip into negative territory in midday trading on Friday, as investors digested a slew of data releases while looking ahead to tighter monetary policy. The latest employment report showed US employers hired fewer workers than expected in March, but the unemployment rate fell to a new two-year low of 3.6% and wages growth accelerated again. Meanwhile, March manufacturing data from ISM came below expectations. A tighter job market and soaring inflation are paving the way for the Federal Reserve to raise interest rates by a hefty 50 basis points in May. Industrial and technology shares underperformed in afternoon trading, while energy stocks were trading higher. Market moves came after all three major averages posted their worst quarter since March 2020. 2022-04-01T16:16:00",Finance,,,,local_seed,mixed,2026-03-18T06:58:20+00:00
Dollar Firms Up Ahead of Key Jobs Data,"Dollar Firms Up Ahead of Key Jobs DataUnited States CurrencyThe dollar index firmed up near 20-year highs above 109.5 on Friday and is on track to gain for the third straight week, as investors held onto dollar positions ahead of a highly-anticipated monthly jobs report that could reinforce the Federal Reserve’s aggressive stance against inflation. The US economy is expected to have added 300,000 jobs in August, less than the unexpectedly strong 528,000 jobs added in July, and another big upward surprise could bolster bets for further monetary tightening. Robust US manufacturing data in August also supported Fed rate hike bets and propped up the dollar as factory activity in other major economies showed signs of weakness. Fed officials recently signaled that the fight against inflation would take priority over growth concerns, with markets currently priced for another supersized 75 basis point rate increase in September.2022-09-02T05:19:49.623",Finance,,,,local_seed,mixed,2026-03-18T06:58:20+00:00
US Stocks Wobble,"US Stocks WobbleUnited States Stock MarketBoth the Dow Jones and the S&P 500 remained in the negative territory on Thursday afternoon as worries about an aggressive tightening to rein on decades-high inflation and the economic slowdown continued to grip Wall Street. Meanwhile, Nasdaq swung back and forth between gains and losses as investors were trying to take advantage of lower valuations for tech stocks. Synopsys added over 12% after the software company posted an earnings beat while Cisco Systems Inc. sunk more than 10% after warning that Chinese lockdowns and supply disruptions would weigh on growth. The lackluster quarterly reports from big-box retailers, mainly Target and Walmark, led to a sharp sell-off yesterday, highlighting how painful inflation and supply chain bottlenecks could be on corporate earnings while sparking concerns about a slowdown in the US consumer-led economic growth.2022-05-19T16:23:00",Finance,,,,local_seed,mixed,2026-03-18T06:58:20+00:00
US Capacity Utilization Below Forecasts,"US Capacity Utilization Below ForecastsUnited States Capacity UtilizationCapacity utilization in the United States was unchanged at two-year lows of 78% in February of 2023, the same as in January, and below market forecasts of 78.4%. It is also 1.6 percentage points below its long-run average. Capacity utilization for manufacturing slipped 0.1 percentage point to 77.6%, the operating rate for mining fell 0.6 percentage point to 87.3%, while the operating rate for utilities increased 0.2 percentage point to 68.9%.2023-03-17T13:28:13.343",Finance,,,,local_seed,mixed,2026-03-18T06:58:20+00:00
US Imports at 14-Month High,"US Imports at 14-Month HighUnited States ImportsTotal imports to the United States rose 1.3 percent month-over-month to $229.0 billion in October of 2016, reaching the highest since August last year. Imports of goods increased $2.8 billion to $186.5 billion: pharmaceutical preparations increased $0.7 billion; cell phones and other household goods went up $0.4 billion; capital goods rose $1.1 billion and computer accessories increased $0.6 billion while automotive vehicles, parts, and engines decreased $0.7 billion. Imports of services rose $0.2 billion to $42.4 billion: transport increased $0.2 billion.
2016-12-06T14:07:13.067",Manufacturing,,,,local_seed,mixed,2026-03-18T06:58:20+00:00
US Factory Activity Unexpectedly Shrinks in November: ISM,US Factory Activity Unexpectedly Shrinks in November: ISMUnited States Business ConfidenceThe Institute for Supply Management’s Manufacturing PMI decreased to 48.6 in November of 2015 from 50.1 in October. It is the first contraction in manufacturing activity since November of 2012 and the sharpest since June of 2009.2015-12-01T15:06:24,Manufacturing,,,,local_seed,mixed,2026-03-18T06:58:20+00:00
NY Factory Activity Shrinks for 3rd Month,"NY Factory Activity Shrinks for 3rd MonthUnited States NY Empire State Manufacturing IndexThe NY Empire State Manufacturing Index fell to -6.8 in October of 2016 from -1.99 in September and much worse than market expectations of 1. It is the lowest reading in five months. The new orders index edged up but remained in negative territory (-5.6 from -7.5 in September); shipments were nearly flat (-0.6 from -9.4) and labor market conditions remained weak, with both employment levels (-4.7 from -14.3) and the average workweek (-10.4 from -11.6) negative. In contrast, prices paid (22.6 from 17) and received (4.7 from 1.8) increased. Indexes for the six-month outlook suggested that manufacturing firms expect conditions to improve in the months ahead.
2016-10-17T12:41:20",Manufacturing,,,,local_seed,mixed,2026-03-18T06:58:20+00:00
US Wages Rise 0.1% MoM in March,"US Wages Rise 0.1% MoM in MarchUnited States Average Hourly EarningsAverage hourly earnings for all employees on US private nonfarm payrolls increased by 4 cents, or 0.1 percent from the prior month to USD 27.70 in March 2019, following a 0.4 percent gain in the previous month and below market expectations of a 0.3 percent increase. That left the annual increase in wages at 3.2 percent compared to a 3.4 percent rise in February and below market consensus of a 3.4 percent gain. Average hourly earnings of private-sector production and nonsupervisory employees increased by 6 cents, or 0.3 percent, to USD 23.24 in March.



2019-04-05T12:31:00",Finance,,,,local_seed,mixed,2026-03-18T06:58:20+00:00
Texas Manufacturing Activity Growth Slows in May,"Texas Manufacturing Activity Growth Slows in MayUnited States Dallas Fed Manufacturing IndexThe Federal Reserve Bank of Dallas' general business activity index for manufacturing in Texas decreased 2.4 points from the previous month to 34.9 in May of 2021. The new orders index came in at 20.8, down from 38.5 in April but more than triple the series average of 6.3. Similarly, the growth rate of orders index came in at 19.5, down from 32.3 but still elevated. The production index, a key measure of state manufacturing conditions, fell 18 points to 15.7, a reading still well above average and indicative of healthy output growth. The capacity utilization index remained high, though it slipped from 34.6 to 23.2, and the shipments index fell from 32.6 to 18.3. Labor market measures indicate robust but slower growth in employment and steady growth in work hours. The employment index came in at 22.7, down from 31.3 but still highly elevated. 2021-06-01T14:40:00",Finance,,,,local_seed,mixed,2026-03-18T06:58:20+00:00
US Factory Activity Beats Expectations,"US Factory Activity Beats ExpectationsUnited States Manufacturing PmiThe Markit flash U.S. manufacturing PMI rose to 54.3 in February from 53.9 reported in January and December. While production levels increased at fastest pace in four months, new business and employment slowed.2015-02-20T15:19:54.583",Manufacturing,,,,local_seed,mixed,2026-03-18T06:58:20+00:00
Dow Jones is up by 2%,Dow Jones is up by 2%United States stock marketDow Jones Industrial Average increased 2% to 234762020-04-22T18:34:34.41,Finance,,,,local_seed,mixed,2026-03-18T06:58:20+00:00
Philadelphia Fed Manufacturing Index Above Estimates,"Philadelphia Fed Manufacturing Index Above Estimates United States Philadelphia Fed Manufacturing IndexThe Philadelphia Fed Manufacturing Index in the US fell to 18.9 in August of 2017 from 19.5 in July but slightly above market estimates of 18.5. It is the lowest reading since November last year, as inventories fell (-6.1 from 0.7 in July), employment rose slightly less (10.1 from 10.9) and price pressures went up for both prices paid (21.1 from 19.1) and received (13.5 from 9). On the other hand, notable improvements were seen for new orders (20.4 from 2.1) and shipments (29.4 from 12.2). In addition, the index of future activity (42.3 from 36.9) indicate that firms expect a continuation of growth in the region’s manufacturing sector over the next six months.2017-08-17T12:42:59",Finance,,,,local_seed,mixed,2026-03-18T06:58:20+00:00
US Stock Futures Gain Markedly,"US Stock Futures Gain MarkedlyUnited States Stock MarketUS stock futures rose markedly on Wednesday after President Joe Biden said on Tuesday that America will have enough COVID-19 vaccine doses by the end of May, two months earlier than the target; and announced that drugmaker Merck will help produce rival Johnson & Johnson’s newly approved one-shot vaccine. Sentiment was also lifted by reports that benchmark US government bond yields fell for the third straight day on Tuesday, with the yield on 10-year Treasury notes standing at 1.4086%, down from last week’s high of 1.614%. In business news, Samsung Electronics is mulling two sites in Arizona and another site in New York in addition to Austin, Texas for a new $17 billion chip plant. Meanwhile, Oscar Health, a health insurance startup backed up by Alphabet, sold shares in its IPO Tuesday at $39 apiece to raise $1.2 billion. On Tuesday the Dow Jones shed 144 points or 0.5% to 31,391. The S&P 500 lost 32 points 0.8% to 3,870. The Nasdaq fell 230 points or 1.7% to 13,359.2021-03-03T07:06:00",Finance,,,,local_seed,mixed,2026-03-18T06:58:20+00:00
US Private Sector Growth Highest in 8 Months: PMI,"US Private Sector Growth Highest in 8 Months: PMIUnited States Composite PmiThe IHS Markit US Composite PMI was revised higher to 52.7 from a preliminary of 52.2 in December of 2019 and 52 in the previous month. The reading pointed to the strongest growth in private sector activity in eight months as services accelerated (52.8 from 51.6) while manufacturing slowed (52.4 from 52.6). New business grew at the strongest rate since July, with service providers recording a second successive and sharper rise in client demand. Similarly, firms indicated back-to-back expansions in new export orders, albeit both at fractional rates overall. Employment also continued to rebound from the contractions seen in September and October, with both sectors registering a rise in staffing levels. Meanwhile, rates of input and output price inflation quickened as private sector firms sought to pass higher costs on to clients and protect margins. Finally, output expectations remained historically subdued as firms remained uncertain regarding future client demand.2020-01-06T14:52:00",Finance,,,,local_seed,mixed,2026-03-18T06:58:20+00:00
U.S. Manufacturing Sector Contracts in May,U.S. Manufacturing Sector Contracts in MayUnited States Business ConfidenceThe Institute for Supply Management (ISM) said its index of national factory activity in May fell to 49.0 from 50.7 in April as new orders slipped and demand for exports declined.2013-06-03T15:07:04.6,Manufacturing,,,,local_seed,mixed,2026-03-18T06:58:20+00:00
US Markit Manufacturing PMI Beats Expectations,"US Markit Manufacturing PMI Beats ExpectationsUnited States Manufacturing PMIThe flash Markit Manufacturing PMI in the United States came in at 51.4 in June of 2016, up from 50.7 in the previous month and beating market expectations of 50.8. It is the highest figure in three months. New business growth accelerated helped by fastest rise in export sales since September of 2014 and output levels increased.2016-06-23T14:56:07",Finance,,,,local_seed,mixed,2026-03-18T06:58:20+00:00
Dollar Firms Up in Thin Holiday Trade,"Dollar Firms Up in Thin Holiday TradeUnited States CurrencyThe dollar index was around 105 in holiday-thinned trade on Monday, hovering near its highest levels since December 2002, as the Federal Reserve led a global wave of aggressive monetary tightening to combat rising prices. Last week, Fed policymakers cemented expectations for further policy tightening, signaling another 75 basis point interest rate hike in July. Meanwhile, tighter financial conditions across major economies raised fears of a global recession, prompting investors to divest out of riskier assets into the safety of the dollar. Data released Friday also showed US manufacturing activity slowed more than expected in June. Investors now look ahead to the minutes of the last central bank meeting and the monthly jobs report for clues on the likely path for US monetary policy.2022-07-04T05:52:00",Finance,,,,local_seed,mixed,2026-03-18T06:58:20+00:00
US Manufacturing Growth Strongest in 3 Years: Markit,"US Manufacturing Growth Strongest in 3 Years: MarkitUnited States Manufacturing PMIThe IHS Markit US Manufacturing PMI came in at 55.6 in March 2018, little-changed from a preliminary estimate of 55.7 and above February's 55.3. Still, the reading pointed to the strongest pace of expansion in the manufacturing sector since March 2015, as output and new orders continued to grow markedly and business confidence hit the highest level since February 2015.2018-04-02T13:49:24",Manufacturing,,,,local_seed,mixed,2026-03-18T06:58:20+00:00
US 10-Year Treasury Yield Little Changed,"US 10-Year Treasury Yield Little ChangedUnited States Government Bond 10YThe yield on the benchmark 10-year Treasury yield was steady at 1.60% on Tuesday, amid worries that soaring commodity prices and supply chain issues could pressure inflation up and lead the Fed to tighten monetary policy sooner-than-expected. Traders also await key CPI and PPI data for the US to be released during the week. A measure of US inflation expectations showed American consumers see inflation at 3.4%, the highest level since September 2013. Meanwhile, the Treasury Department will auction $58 billion of three-year notes on Tuesday, $41 billion of 10-year notes on Wednesday, and $27 billion of 30-year bonds on Thursday.2021-05-11T07:24:00",Finance,,,,local_seed,mixed,2026-03-18T06:58:20+00:00
Chicago Business Barometer Below Forecasts,"Chicago Business Barometer Below ForecastsUnited States Chicago PmiThe MNI Chicago Business Barometer edged up to 57.6 in April of 2018 from 57.4 in the previous month. It compares with market expectations of 58. Business activity continued to rise at a solid pace in April, with growth in firms’ operations up for the first time this year, albeit marginally. Three of the five Barometer components fell on the month, with only Production and Supplier Deliveries finding room to grow.2018-04-30T14:16:17.31",Finance,,,,local_seed,mixed,2026-03-18T06:58:20+00:00
Chicago PMI Below Forecasts but Points to 2nd Month of Economic Expansion,"Chicago PMI Below Forecasts but Points to 2nd Month of Economic ExpansionUnited States Chicago PmiThe MNI Chicago Business Barometer in the US fell to 51.2 in August of 2020 from 52 in July, below market forecasts of 52. Still, it is the second straight month the reading is above 50, pointing to economic expansion. Among the five main indicators, Order Backlogs was the only one to show a monthly decline, while Supplier Deliveries recorded the largest gain. Production rose to the highest level since June of 2019. Companies noted that previously pushed out orders led to an increase in production. Demand also improved, with New Orders edging up to a one-year high. Anecdotal evidence suggests that the industrial and agricultural sector were hit the hardest and recovered only slowly, while the medical sector is faring very well.2020-08-28T13:59:22.11",Manufacturing,,,,local_seed,mixed,2026-03-18T06:58:20+00:00
US Companies Add Less Jobs than Expected: ADP,"US Companies Add Less Jobs than Expected: ADPUnited States ADP Employment ChangePrivate businesses in the United States hired 183 thousand workers in February of 2019, less than an upwardly revised 300 thousand in January and slightly below market expectations of 189 thousand. The service-providing sector added 139 thousand jobs, boosted by professional & business (49 thousand); education & health (37 thousand); financial activities (21 thousand); trade, transportation & utilities (14 thousand); other services (8 thousand); information (7 thousand); and leisure & hospitality (4 thousand). In addition, the goods-producing sector added 44 thousand jobs, supported by both construction (25 thousand), manufacturing (17 thousand) and natural resources & mining (3 thousand). Midsized companies were the ones hiring the most (95 thousand), followed by large (77 thousand) and small firms (12 thousand). 2019-03-06T13:20:25.293",Finance,,,,local_seed,mixed,2026-03-18T06:58:20+00:00
Crude Oil Rises a Third Day,"Crude Oil Rises a Third DayUnited States CommodityCrude Oil rose for a third day on forecasts Tropical Storm Gustav will strengthen as it enters the Gulf of Mexico, home to 26 percent of U.S. production.2008-08-27T05:37:56.703",Manufacturing,,,,local_seed,mixed,2026-03-18T06:58:20+00:00
US Goods Gap Narrows in April,"US Goods Gap Narrows in AprilUnited States Goods Trade BalanceThe goods deficit in the US shrank to $85.23 billion in April of 2021 from an upwardly revised record $91.98 billion in March. Exports rose 1.2 percent to $144.7 billion, as strong sales of capital goods (4.8 percent) and industrial supplies (1.7 percent) partly offset an 8 percent plunge in those of autos. Meanwhile, imports fell 2.2 percent to $230 billion, amid lower purchases of consumer goods (-4.2 percent) and autos (-3.5 percent).2021-05-28T12:39:00",Manufacturing,,,,local_seed,mixed,2026-03-18T06:58:20+00:00
US Factory Output Growth At 8-Month High: Markit,"US Factory Output Growth At 8-Month High: MarkitUnited States Manufacturing PMIThe seasonally adjusted Markit final U.S. Manufacturing PMI came in at 52.9 in July 2016, up from 51.3 in the previous month and unchanged from the earlier flash reading. It was the highest value since October last year, mainly driven by stronger rates of output, new order and employment growth.2016-08-01T14:51:48",Manufacturing,,,,local_seed,mixed,2026-03-18T06:58:20+00:00
